"gênero","raça/etnia","nível de escolaridade parental","almoço","curso preparatório para teste","pontuação de matemática","pontuação de leitura","pontuação de escrita"
"homem","grupo A","ensino médio","padrão","concluído","67","67","63"
"mulher","grupo D","algum ensino médio","livre/reduzido","nenhum","40","59","55"
"homem","grupo E","alguma faculdade","livre/reduzido","nenhum","59","60","50"
"homem","grupo B","ensino médio","padrão","nenhum","77","78","68"
"homem","grupo E","grau de associado","padrão","concluído","78","73","68"
"mulher","grupo D","ensino médio","padrão","nenhum","63","77","76"
"mulher","grupo A","diploma de bacharel","padrão","nenhum","62","59","63"
"homem","grupo E","alguma faculdade","padrão","concluído","93","88","84"
"homem","grupo D","ensino médio","padrão","nenhum","63","56","65"
"homem","grupo C","alguma faculdade","livre/reduzido","nenhum","47","42","45"
"homem","grupo E","alguma faculdade","padrão","concluído","99","83","85"
"mulher","grupo D","ensino médio","padrão","concluído","80","87","90"
"homem","grupo D","grau de associado","padrão","concluído","77","87","85"
"homem","grupo C","ensino médio","padrão","concluído","74","74","73"
"homem","grupo E","algum ensino médio","padrão","concluído","81","87","85"
"homem","grupo E","grau de associado","livre/reduzido","nenhum","69","61","57"
"homem","grupo B","ensino médio","padrão","nenhum","58","47","42"
"mulher","grupo C","grau de associado","padrão","concluído","54","62","65"
"mulher","grupo C","grau de associado","livre/reduzido","nenhum","23","44","44"
"homem","grupo C","alguma faculdade","livre/reduzido","nenhum","39","32","31"
"mulher","grupo C","grau de associado","padrão","nenhum","83","76","88"
"homem","grupo C","grau de associado","padrão","nenhum","58","52","55"
"homem","grupo B","alguma faculdade","padrão","concluído","71","69","73"
"mulher","grupo B","alguma faculdade","livre/reduzido","nenhum","44","55","54"
"homem","grupo E","algum ensino médio","livre/reduzido","nenhum","46","38","32"
"homem","grupo C","ensino médio","livre/reduzido","nenhum","51","45","42"
"mulher","grupo C","algum ensino médio","padrão","nenhum","53","60","56"
"homem","grupo E","ensino médio","padrão","nenhum","71","68","60"
"mulher","grupo B","ensino médio","padrão","concluído","74","89","89"
"mulher","grupo A","algum ensino médio","livre/reduzido","nenhum","33","54","51"
"homem","grupo B","alguma faculdade","padrão","nenhum","87","79","77"
"homem","grupo A","diploma de bacharel","livre/reduzido","nenhum","78","74","73"
"homem","grupo A","algum ensino médio","livre/reduzido","concluído","40","41","39"
"mulher","grupo B","grau de associado","padrão","concluído","65","65","71"
"mulher","grupo B","diploma de bacharel","padrão","concluído","79","88","89"
"mulher","grupo A","diploma de bacharel","padrão","nenhum","68","74","74"
"mulher","grupo C","alguma faculdade","padrão","concluído","57","77","75"
"homem","grupo B","ensino médio","livre/reduzido","nenhum","67","65","54"
"mulher","grupo B","alguma faculdade","livre/reduzido","concluído","58","68","73"
"homem","grupo E","grau de associado","padrão","nenhum","98","81","77"
"mulher","grupo B","mestrado","livre/reduzido","nenhum","54","75","72"
"homem","grupo D","ensino médio","padrão","nenhum","77","67","64"
"homem","grupo E","ensino médio","padrão","concluído","87","79","82"
"mulher","grupo C","mestrado","padrão","nenhum","58","70","70"
"homem","grupo E","ensino médio","padrão","nenhum","100","88","87"
"homem","grupo C","diploma de bacharel","padrão","nenhum","60","46","51"
"homem","grupo C","grau de associado","livre/reduzido","nenhum","64","63","57"
"mulher","grupo E","algum ensino médio","padrão","concluído","65","76","78"
"mulher","grupo D","ensino médio","padrão","nenhum","68","72","73"
"homem","grupo C","grau de associado","livre/reduzido","concluído","60","63","57"
"homem","grupo D","ensino médio","padrão","nenhum","65","68","64"
"mulher","grupo C","algum ensino médio","livre/reduzido","nenhum","52","58","60"
"mulher","grupo C","grau de associado","padrão","nenhum","74","81","85"
"mulher","grupo C","ensino médio","livre/reduzido","nenhum","36","53","49"
"homem","grupo D","ensino médio","livre/reduzido","nenhum","57","57","47"
"mulher","grupo C","alguma faculdade","padrão","concluído","56","60","62"
"mulher","grupo C","diploma de bacharel","padrão","concluído","67","80","84"
"homem","grupo D","grau de associado","padrão","concluído","88","87","83"
"mulher","grupo D","alguma faculdade","livre/reduzido","nenhum","42","61","51"
"homem","grupo E","algum ensino médio","padrão","nenhum","68","51","48"
"homem","grupo D","alguma faculdade","livre/reduzido","nenhum","76","66","68"
"mulher","grupo E","algum ensino médio","padrão","nenhum","58","63","59"
"homem","grupo E","algum ensino médio","padrão","concluído","69","67","62"
"homem","grupo A","diploma de bacharel","padrão","concluído","77","82","78"
"homem","grupo D","mestrado","padrão","concluído","83","93","97"
"mulher","grupo C","algum ensino médio","livre/reduzido","concluído","49","74","70"
"homem","grupo C","ensino médio","padrão","nenhum","71","60","56"
"mulher","grupo D","algum ensino médio","livre/reduzido","nenhum","47","46","49"
"homem","grupo B","ensino médio","padrão","nenhum","79","64","60"
"mulher","grupo C","ensino médio","padrão","nenhum","60","64","57"
"mulher","grupo C","grau de associado","padrão","concluído","56","68","73"
"homem","grupo C","grau de associado","padrão","nenhum","57","52","47"
"mulher","grupo B","alguma faculdade","padrão","nenhum","49","70","63"
"mulher","grupo C","algum ensino médio","padrão","concluído","79","76","81"
"homem","grupo B","mestrado","livre/reduzido","nenhum","71","76","67"
"mulher","grupo C","ensino médio","padrão","nenhum","71","77","70"
"mulher","grupo C","alguma faculdade","padrão","nenhum","47","63","59"
"mulher","grupo D","ensino médio","livre/reduzido","nenhum","72","91","81"
"homem","grupo C","grau de associado","padrão","nenhum","78","73","76"
"homem","grupo D","algum ensino médio","padrão","nenhum","54","43","45"
"mulher","grupo B","diploma de bacharel","padrão","nenhum","46","59","62"
"mulher","grupo D","algum ensino médio","livre/reduzido","nenhum","31","38","42"
"mulher","grupo C","grau de associado","livre/reduzido","nenhum","51","59","59"
"homem","grupo B","ensino médio","padrão","concluído","78","76","73"
"mulher","grupo B","grau de associado","livre/reduzido","nenhum","32","41","39"
"mulher","grupo C","algum ensino médio","padrão","nenhum","53","71","69"
"mulher","grupo C","alguma faculdade","livre/reduzido","nenhum","63","76","69"
"homem","grupo D","alguma faculdade","padrão","nenhum","97","93","88"
"mulher","grupo D","alguma faculdade","padrão","nenhum","56","52","61"
"homem","grupo B","ensino médio","padrão","nenhum","72","76","72"
"homem","grupo C","alguma faculdade","livre/reduzido","nenhum","57","47","42"
"homem","grupo B","algum ensino médio","padrão","nenhum","74","71","70"
"mulher","grupo D","mestrado","padrão","nenhum","81","81","87"
"homem","grupo D","diploma de bacharel","padrão","concluído","94","87","93"
"homem","grupo B","mestrado","livre/reduzido","nenhum","81","73","72"
"mulher","grupo C","ensino médio","padrão","concluído","58","63","67"
"mulher","grupo E","grau de associado","padrão","concluído","95","100","100"
"homem","grupo B","ensino médio","livre/reduzido","nenhum","45","52","49"
"homem","grupo A","alguma faculdade","padrão","nenhum","63","50","49"
"homem","grupo B","grau de associado","padrão","nenhum","60","54","53"
"homem","grupo C","alguma faculdade","livre/reduzido","concluído","54","61","62"
"homem","grupo C","alguma faculdade","padrão","concluído","75","78","79"
"homem","grupo E","ensino médio","padrão","nenhum","79","78","77"
"homem","grupo D","ensino médio","padrão","nenhum","66","67","67"
"mulher","grupo B","alguma faculdade","padrão","nenhum","47","58","58"
"mulher","grupo D","diploma de bacharel","padrão","nenhum","70","78","82"
"homem","grupo D","ensino médio","padrão","nenhum","82","74","73"
"homem","grupo A","diploma de bacharel","padrão","nenhum","56","38","44"
"homem","grupo B","grau de associado","padrão","nenhum","92","78","71"
"homem","grupo C","alguma faculdade","livre/reduzido","nenhum","30","33","33"
"mulher","grupo C","alguma faculdade","padrão","concluído","79","88","86"
"mulher","grupo D","algum ensino médio","padrão","nenhum","41","52","47"
"mulher","grupo C","mestrado","padrão","nenhum","63","82","71"
"homem","grupo A","diploma de bacharel","livre/reduzido","nenhum","43","34","33"
"homem","grupo D","ensino médio","padrão","nenhum","77","76","74"
"homem","grupo B","grau de associado","padrão","concluído","76","79","76"
"mulher","grupo E","alguma faculdade","livre/reduzido","nenhum","49","61","63"
"homem","grupo C","grau de associado","padrão","concluído","59","57","55"
"homem","grupo B","diploma de bacharel","livre/reduzido","nenhum","59","70","58"
"mulher","grupo D","algum ensino médio","padrão","concluído","76","90","87"
"mulher","grupo C","ensino médio","padrão","concluído","55","71","71"
"mulher","grupo D","diploma de bacharel","padrão","concluído","78","87","89"
"mulher","grupo C","diploma de bacharel","padrão","concluído","51","53","62"
"mulher","grupo C","algum ensino médio","padrão","concluído","41","43","45"
"mulher","grupo D","grau de associado","padrão","nenhum","74","78","86"
"homem","grupo C","mestrado","padrão","nenhum","62","54","58"
"homem","grupo D","grau de associado","padrão","nenhum","77","71","64"
"homem","grupo C","algum ensino médio","padrão","nenhum","45","52","45"
"homem","grupo E","alguma faculdade","padrão","concluído","100","84","87"
"mulher","grupo D","grau de associado","livre/reduzido","concluído","83","95","100"
"mulher","grupo E","grau de associado","livre/reduzido","concluído","77","75","82"
"homem","grupo C","ensino médio","padrão","concluído","66","70","64"
"homem","grupo B","alguma faculdade","padrão","nenhum","65","63","57"
"homem","grupo D","grau de associado","padrão","nenhum","62","55","56"
"homem","grupo E","alguma faculdade","padrão","nenhum","55","54","54"
"homem","grupo C","algum ensino médio","livre/reduzido","nenhum","73","78","69"
"homem","grupo A","alguma faculdade","padrão","concluído","73","81","76"
"mulher","grupo B","grau de associado","padrão","concluído","48","66","68"
"homem","grupo D","alguma faculdade","livre/reduzido","nenhum","52","44","49"
"mulher","grupo C","algum ensino médio","livre/reduzido","nenhum","60","72","64"
"homem","grupo B","grau de associado","livre/reduzido","nenhum","68","63","57"
"mulher","grupo D","alguma faculdade","livre/reduzido","nenhum","65","77","83"
"mulher","grupo D","diploma de bacharel","padrão","nenhum","86","83","87"
"mulher","grupo B","grau de associado","padrão","nenhum","55","62","60"
"homem","grupo B","mestrado","padrão","concluído","80","71","68"
"mulher","grupo B","ensino médio","livre/reduzido","nenhum","51","57","57"
"mulher","grupo B","algum ensino médio","padrão","concluído","63","61","66"
"homem","grupo E","alguma faculdade","padrão","nenhum","60","55","46"
"mulher","grupo E","diploma de bacharel","padrão","concluído","100","100","100"
"homem","grupo A","grau de associado","livre/reduzido","nenhum","46","44","44"
"mulher","grupo C","alguma faculdade","padrão","concluído","67","78","80"
"mulher","grupo C","ensino médio","livre/reduzido","nenhum","54","67","59"
"mulher","grupo B","grau de associado","padrão","nenhum","63","79","76"
"homem","grupo D","diploma de bacharel","padrão","nenhum","68","66","73"
"mulher","grupo C","grau de associado","livre/reduzido","nenhum","54","63","58"
"mulher","grupo C","alguma faculdade","padrão","nenhum","43","44","47"
"homem","grupo B","ensino médio","livre/reduzido","nenhum","64","64","59"
"mulher","grupo E","grau de associado","livre/reduzido","nenhum","92","87","87"
"mulher","grupo D","grau de associado","livre/reduzido","nenhum","82","95","93"
"homem","grupo E","algum ensino médio","livre/reduzido","nenhum","84","78","79"
"mulher","grupo D","grau de associado","padrão","concluído","84","98","97"
"homem","grupo D","grau de associado","livre/reduzido","nenhum","65","63","65"
"mulher","grupo C","diploma de bacharel","padrão","nenhum","83","92","91"
"mulher","grupo B","algum ensino médio","padrão","concluído","70","75","75"
"homem","grupo A","diploma de bacharel","padrão","concluído","66","72","70"
"mulher","grupo D","diploma de bacharel","padrão","concluído","71","87","92"
"homem","grupo B","diploma de bacharel","padrão","nenhum","66","64","58"
"mulher","grupo B","algum ensino médio","padrão","concluído","57","64","68"
"mulher","grupo C","mestrado","padrão","nenhum","86","90","93"
"mulher","grupo A","ensino médio","padrão","nenhum","80","85","83"
"mulher","grupo B","ensino médio","padrão","nenhum","62","60","59"
"mulher","grupo D","alguma faculdade","padrão","nenhum","71","71","76"
"mulher","grupo C","alguma faculdade","livre/reduzido","concluído","57","66","71"
"homem","grupo A","algum ensino médio","livre/reduzido","concluído","69","64","62"
"homem","grupo B","alguma faculdade","padrão","concluído","83","74","72"
"mulher","grupo D","alguma faculdade","livre/reduzido","nenhum","50","56","60"
"mulher","grupo C","diploma de bacharel","padrão","nenhum","55","56","56"
"homem","grupo B","algum ensino médio","livre/reduzido","nenhum","55","53","51"
"mulher","grupo D","alguma faculdade","livre/reduzido","concluído","83","93","95"
"homem","grupo D","ensino médio","padrão","concluído","89","87","86"
"mulher","grupo D","algum ensino médio","padrão","nenhum","51","62","64"
"mulher","grupo C","alguma faculdade","padrão","nenhum","48","52","49"
"mulher","grupo E","diploma de bacharel","padrão","nenhum","84","95","89"
"mulher","grupo C","grau de associado","padrão","nenhum","69","83","76"
"mulher","grupo C","grau de associado","padrão","concluído","75","85","87"
"mulher","grupo C","mestrado","padrão","nenhum","91","100","99"
"homem","grupo B","ensino médio","padrão","nenhum","76","77","67"
"homem","grupo E","algum ensino médio","livre/reduzido","nenhum","63","61","59"
"homem","grupo D","ensino médio","padrão","nenhum","73","65","64"
"homem","grupo B","algum ensino médio","livre/reduzido","concluído","52","63","53"
"homem","grupo B","algum ensino médio","padrão","concluído","58","57","53"
"mulher","grupo B","algum ensino médio","padrão","nenhum","33","51","51"
"homem","grupo E","algum ensino médio","livre/reduzido","nenhum","68","62","61"
"mulher","grupo C","grau de associado","padrão","concluído","77","91","89"
"mulher","grupo C","diploma de bacharel","padrão","nenhum","64","64","66"
"mulher","grupo D","algum ensino médio","livre/reduzido","nenhum","39","49","48"
"homem","grupo D","diploma de bacharel","padrão","nenhum","50","46","48"
"homem","grupo A","mestrado","livre/reduzido","nenhum","53","57","51"
"mulher","grupo B","grau de associado","padrão","concluído","54","62","70"
"homem","grupo D","ensino médio","padrão","nenhum","74","63","65"
"mulher","grupo D","grau de associado","padrão","concluído","50","63","65"
"homem","grupo E","grau de associado","padrão","nenhum","55","54","47"
"homem","grupo C","alguma faculdade","padrão","nenhum","77","64","70"
"mulher","grupo B","algum ensino médio","padrão","concluído","49","64","67"
"mulher","grupo D","grau de associado","livre/reduzido","nenhum","66","83","82"
"homem","grupo B","algum ensino médio","padrão","concluído","77","74","75"
"mulher","grupo A","mestrado","padrão","concluído","74","78","84"
"homem","grupo C","alguma faculdade","padrão","nenhum","85","78","81"
"mulher","grupo A","alguma faculdade","padrão","nenhum","77","86","84"
"mulher","grupo B","grau de associado","padrão","nenhum","64","62","66"
"mulher","grupo D","ensino médio","livre/reduzido","concluído","61","69","68"
"homem","grupo D","grau de associado","padrão","nenhum","97","88","85"
"homem","grupo C","alguma faculdade","padrão","concluído","66","75","70"
"homem","grupo C","algum ensino médio","padrão","nenhum","62","66","64"
"mulher","grupo E","algum ensino médio","padrão","concluído","64","80","77"
"mulher","grupo B","diploma de bacharel","livre/reduzido","nenhum","55","57","60"
"mulher","grupo B","grau de associado","padrão","nenhum","53","72","66"
"mulher","grupo D","alguma faculdade","livre/reduzido","nenhum","71","81","77"
"homem","grupo B","ensino médio","livre/reduzido","concluído","66","59","68"
"homem","grupo C","grau de associado","padrão","nenhum","68","61","62"
"homem","grupo D","alguma faculdade","padrão","nenhum","89","90","83"
"homem","grupo C","grau de associado","padrão","concluído","65","69","74"
"mulher","grupo B","algum ensino médio","padrão","nenhum","43","48","44"
"mulher","grupo D","mestrado","padrão","nenhum","79","77","83"
"homem","grupo D","diploma de bacharel","padrão","nenhum","99","94","97"
"homem","grupo D","algum ensino médio","padrão","nenhum","82","69","72"
"homem","grupo D","alguma faculdade","livre/reduzido","concluído","35","36","39"
"mulher","grupo D","diploma de bacharel","livre/reduzido","nenhum","61","71","73"
"mulher","grupo D","ensino médio","padrão","nenhum","76","80","81"
"homem","grupo C","grau de associado","livre/reduzido","concluído","94","83","82"
"mulher","grupo C","ensino médio","padrão","nenhum","75","90","78"
"homem","grupo B","alguma faculdade","padrão","nenhum","81","75","70"
"homem","grupo C","alguma faculdade","livre/reduzido","nenhum","35","44","33"
"homem","grupo C","alguma faculdade","padrão","nenhum","76","74","72"
"mulher","grupo B","diploma de bacharel","padrão","nenhum","58","79","82"
"homem","grupo C","grau de associado","padrão","concluído","100","91","90"
"mulher","grupo C","diploma de bacharel","padrão","nenhum","53","68","64"
"mulher","grupo D","ensino médio","padrão","nenhum","82","95","96"
"homem","grupo B","grau de associado","padrão","nenhum","76","62","64"
"homem","grupo C","diploma de bacharel","padrão","concluído","83","75","75"
"mulher","grupo D","alguma faculdade","padrão","nenhum","72","84","82"
"homem","grupo D","grau de associado","padrão","concluído","76","76","83"
"homem","grupo D","algum ensino médio","padrão","nenhum","66","64","58"
"homem","grupo C","alguma faculdade","padrão","nenhum","63","65","63"
"homem","grupo B","algum ensino médio","padrão","nenhum","36","34","28"
"homem","grupo C","ensino médio","padrão","nenhum","68","74","71"
"mulher","grupo C","algum ensino médio","livre/reduzido","concluído","40","52","42"
"homem","grupo D","algum ensino médio","padrão","nenhum","68","71","61"
"homem","grupo C","grau de associado","padrão","concluído","56","54","52"
"mulher","grupo D","grau de associado","livre/reduzido","nenhum","74","83","80"
"mulher","grupo D","alguma faculdade","livre/reduzido","nenhum","53","70","71"
"homem","grupo B","algum ensino médio","padrão","nenhum","88","65","70"
"homem","grupo D","algum ensino médio","padrão","nenhum","67","63","61"
"mulher","grupo B","grau de associado","padrão","nenhum","60","76","65"
"mulher","grupo C","ensino médio","livre/reduzido","nenhum","51","61","54"
"mulher","grupo D","algum ensino médio","padrão","nenhum","53","66","59"
"homem","grupo A","diploma de bacharel","padrão","nenhum","80","78","74"
"mulher","grupo E","algum ensino médio","padrão","nenhum","69","71","67"
"mulher","grupo B","algum ensino médio","livre/reduzido","nenhum","64","79","70"
"mulher","grupo D","grau de associado","livre/reduzido","concluído","80","87","89"
"mulher","grupo A","algum ensino médio","padrão","nenhum","58","72","62"
"mulher","grupo C","ensino médio","padrão","nenhum","39","46","50"
"homem","grupo D","algum ensino médio","padrão","nenhum","64","56","50"
"homem","grupo D","grau de associado","padrão","nenhum","61","66","63"
"homem","grupo D","algum ensino médio","padrão","concluído","90","82","88"
"homem","grupo D","algum ensino médio","padrão","nenhum","73","71","64"
"homem","grupo C","grau de associado","padrão","nenhum","73","73","70"
"mulher","grupo D","grau de associado","padrão","nenhum","67","76","77"
"mulher","grupo B","alguma faculdade","padrão","nenhum","57","58","62"
"mulher","grupo E","alguma faculdade","padrão","nenhum","65","73","72"
"mulher","grupo C","algum ensino médio","padrão","nenhum","71","72","71"
"mulher","grupo D","algum ensino médio","padrão","nenhum","59","69","72"
"homem","grupo B","ensino médio","padrão","concluído","74","71","65"
"mulher","grupo E","ensino médio","padrão","nenhum","93","100","93"
"mulher","grupo B","algum ensino médio","padrão","concluído","85","93","92"
"mulher","grupo E","algum ensino médio","padrão","nenhum","76","83","79"
"mulher","grupo D","ensino médio","livre/reduzido","nenhum","58","72","70"
"mulher","grupo E","grau de associado","padrão","nenhum","72","77","77"
"mulher","grupo B","ensino médio","padrão","nenhum","40","49","47"
"homem","grupo D","ensino médio","padrão","concluído","75","73","66"
"homem","grupo D","algum ensino médio","padrão","nenhum","85","81","80"
"homem","grupo E","grau de associado","padrão","concluído","100","100","100"
"mulher","grupo B","alguma faculdade","livre/reduzido","concluído","53","65","66"
"homem","grupo D","alguma faculdade","livre/reduzido","nenhum","40","42","39"
"homem","grupo B","diploma de bacharel","livre/reduzido","nenhum","49","49","49"
"homem","grupo C","grau de associado","padrão","nenhum","77","80","80"
"mulher","grupo D","ensino médio","padrão","nenhum","82","89","84"
"homem","grupo C","alguma faculdade","padrão","nenhum","55","48","42"
"mulher","grupo C","algum ensino médio","livre/reduzido","nenhum","62","71","77"
"homem","grupo B","ensino médio","padrão","concluído","69","63","59"
"homem","grupo C","grau de associado","padrão","nenhum","78","74","76"
"mulher","grupo B","ensino médio","livre/reduzido","concluído","71","77","82"
"homem","grupo D","alguma faculdade","livre/reduzido","concluído","59","71","66"
"mulher","grupo D","ensino médio","livre/reduzido","nenhum","60","75","70"
"mulher","grupo C","diploma de bacharel","livre/reduzido","concluído","43","60","60"
"mulher","grupo C","algum ensino médio","padrão","nenhum","77","83","86"
"homem","grupo D","algum ensino médio","livre/reduzido","nenhum","50","47","46"
"mulher","grupo E","diploma de bacharel","livre/reduzido","nenhum","56","58","52"
"homem","grupo B","ensino médio","padrão","nenhum","69","58","50"
"homem","grupo D","ensino médio","padrão","nenhum","47","43","39"
"homem","grupo B","alguma faculdade","livre/reduzido","nenhum","43","28","24"
"homem","grupo A","algum ensino médio","livre/reduzido","nenhum","48","39","40"
"homem","grupo C","ensino médio","livre/reduzido","nenhum","55","62","49"
"homem","grupo C","alguma faculdade","padrão","nenhum","73","68","66"
"homem","grupo D","diploma de bacharel","padrão","nenhum","71","63","66"
"mulher","grupo B","alguma faculdade","padrão","nenhum","54","57","60"
"homem","grupo C","ensino médio","padrão","nenhum","66","61","63"
"homem","grupo A","mestrado","padrão","nenhum","63","63","67"
"mulher","grupo D","diploma de bacharel","padrão","nenhum","66","81","73"
"homem","grupo C","diploma de bacharel","padrão","concluído","79","80","75"
"homem","grupo D","grau de associado","livre/reduzido","concluído","73","69","70"
"mulher","grupo C","algum ensino médio","padrão","nenhum","36","57","53"
"homem","grupo C","grau de associado","livre/reduzido","nenhum","50","48","43"
"homem","grupo E","alguma faculdade","padrão","concluído","87","78","80"
"homem","grupo C","grau de associado","padrão","nenhum","71","68","63"
"mulher","grupo C","grau de associado","padrão","concluído","85","87","94"
"mulher","grupo C","ensino médio","padrão","concluído","58","67","64"
"homem","grupo C","alguma faculdade","padrão","nenhum","86","83","81"
"mulher","grupo D","algum ensino médio","livre/reduzido","nenhum","64","86","89"
"homem","grupo D","alguma faculdade","padrão","nenhum","83","85","79"
"homem","grupo E","ensino médio","livre/reduzido","concluído","58","56","49"
"mulher","grupo C","alguma faculdade","livre/reduzido","concluído","59","83","81"
"mulher","grupo C","ensino médio","padrão","nenhum","40","58","54"
"homem","grupo D","grau de associado","padrão","concluído","82","83","85"
"homem","grupo E","algum ensino médio","padrão","nenhum","87","84","80"
"mulher","grupo C","algum ensino médio","padrão","nenhum","62","65","64"
"homem","grupo B","grau de associado","livre/reduzido","concluído","76","80","78"
"mulher","grupo A","ensino médio","padrão","nenhum","63","69","60"
"homem","grupo D","alguma faculdade","livre/reduzido","concluído","58","60","59"
"homem","grupo D","grau de associado","padrão","concluído","61","63","65"
"homem","grupo C","alguma faculdade","padrão","nenhum","78","69","71"
"mulher","grupo C","diploma de bacharel","livre/reduzido","concluído","78","90","81"
"homem","grupo C","alguma faculdade","padrão","nenhum","56","54","43"
"homem","grupo D","algum ensino médio","padrão","nenhum","96","83","82"
"homem","grupo C","ensino médio","padrão","nenhum","48","43","40"
"homem","grupo C","grau de associado","padrão","concluído","70","76","72"
"homem","grupo D","alguma faculdade","livre/reduzido","nenhum","43","68","58"
"mulher","grupo E","ensino médio","livre/reduzido","nenhum","45","46","49"
"mulher","grupo C","grau de associado","padrão","nenhum","58","68","62"
"mulher","grupo A","ensino médio","padrão","concluído","70","73","80"
"mulher","grupo E","algum ensino médio","padrão","nenhum","60","61","58"
"homem","grupo C","algum ensino médio","livre/reduzido","nenhum","52","53","47"
"homem","grupo C","grau de associado","livre/reduzido","nenhum","61","62","54"
"mulher","grupo D","algum ensino médio","padrão","nenhum","55","70","61"
"homem","grupo B","ensino médio","padrão","concluído","80","80","79"
"homem","grupo D","alguma faculdade","livre/reduzido","nenhum","63","60","54"
"mulher","grupo B","mestrado","padrão","nenhum","79","79","87"
"homem","grupo A","grau de associado","padrão","nenhum","74","78","72"
"mulher","grupo B","alguma faculdade","livre/reduzido","concluído","46","58","64"
"mulher","grupo B","algum ensino médio","padrão","concluído","72","88","92"
"mulher","grupo E","algum ensino médio","livre/reduzido","nenhum","58","64","64"
"mulher","grupo E","mestrado","padrão","nenhum","47","50","47"
"mulher","grupo D","diploma de bacharel","padrão","concluído","68","78","84"
"homem","grupo D","diploma de bacharel","livre/reduzido","concluído","68","71","67"
"mulher","grupo D","ensino médio","padrão","nenhum","65","75","68"
"mulher","grupo B","grau de associado","padrão","nenhum","50","54","51"
"mulher","grupo B","ensino médio","livre/reduzido","concluído","48","71","68"
"mulher","grupo B","diploma de bacharel","padrão","nenhum","58","60","64"
"homem","grupo C","algum ensino médio","livre/reduzido","concluído","71","74","68"
"homem","grupo D","algum ensino médio","livre/reduzido","concluído","58","52","48"
"mulher","grupo A","alguma faculdade","livre/reduzido","nenhum","66","90","83"
"homem","grupo C","alguma faculdade","livre/reduzido","nenhum","44","53","43"
"mulher","grupo B","algum ensino médio","padrão","concluído","51","63","66"
"homem","grupo A","alguma faculdade","padrão","concluído","78","83","77"
"homem","grupo C","ensino médio","padrão","nenhum","72","71","65"
"mulher","grupo D","grau de associado","padrão","nenhum","60","64","67"
"mulher","grupo C","grau de associado","livre/reduzido","nenhum","55","61","60"
"homem","grupo B","algum ensino médio","padrão","nenhum","64","67","64"
"mulher","grupo C","algum ensino médio","livre/reduzido","nenhum","57","64","60"
"mulher","grupo A","ensino médio","padrão","nenhum","70","75","74"
"homem","grupo D","algum ensino médio","padrão","concluído","84","72","76"
"mulher","grupo B","alguma faculdade","padrão","concluído","66","71","76"
"mulher","grupo C","diploma de bacharel","livre/reduzido","concluído","56","65","73"
"homem","grupo E","alguma faculdade","livre/reduzido","concluído","59","53","56"
"mulher","grupo E","diploma de bacharel","padrão","nenhum","87","89","84"
"homem","grupo E","ensino médio","livre/reduzido","nenhum","73","75","64"
"mulher","grupo A","ensino médio","padrão","nenhum","85","91","89"
"homem","grupo B","alguma faculdade","livre/reduzido","nenhum","49","54","42"
"mulher","grupo C","diploma de bacharel","padrão","concluído","82","87","90"
"mulher","grupo D","alguma faculdade","padrão","nenhum","80","90","90"
"mulher","grupo E","ensino médio","padrão","nenhum","48","51","43"
"mulher","grupo D","ensino médio","padrão","concluído","85","83","94"
"mulher","grupo E","algum ensino médio","padrão","concluído","70","78","76"
"homem","grupo E","grau de associado","padrão","concluído","89","84","81"
"mulher","grupo D","ensino médio","padrão","concluído","72","86","79"
"mulher","grupo D","algum ensino médio","livre/reduzido","nenhum","80","86","87"
"mulher","grupo D","algum ensino médio","livre/reduzido","nenhum","43","57","50"
"homem","grupo C","algum ensino médio","livre/reduzido","concluído","54","61","61"
"homem","grupo A","grau de associado","livre/reduzido","concluído","82","82","78"
"homem","grupo C","diploma de bacharel","livre/reduzido","nenhum","74","80","78"
"mulher","grupo C","alguma faculdade","padrão","nenhum","63","62","64"
"mulher","grupo C","ensino médio","livre/reduzido","nenhum","47","56","51"
"mulher","grupo C","alguma faculdade","livre/reduzido","nenhum","13","29","23"
"homem","grupo D","alguma faculdade","livre/reduzido","nenhum","67","58","56"
"homem","grupo C","algum ensino médio","padrão","nenhum","57","59","54"
"mulher","grupo B","algum ensino médio","padrão","nenhum","64","78","83"
"mulher","grupo D","grau de associado","padrão","nenhum","85","100","100"
"mulher","grupo B","grau de associado","padrão","concluído","70","80","86"
"homem","grupo B","diploma de bacharel","padrão","concluído","90","73","83"
"mulher","grupo A","alguma faculdade","livre/reduzido","concluído","53","70","69"
"homem","grupo C","alguma faculdade","padrão","concluído","74","73","75"
"homem","grupo A","grau de associado","padrão","concluído","61","71","67"
"mulher","grupo C","algum ensino médio","padrão","concluído","55","74","73"
"mulher","grupo B","alguma faculdade","padrão","concluído","65","63","66"
"mulher","grupo A","ensino médio","padrão","nenhum","77","77","79"
"homem","grupo C","grau de associado","padrão","nenhum","74","61","56"
"homem","grupo D","alguma faculdade","padrão","nenhum","94","92","85"
"mulher","grupo B","grau de associado","padrão","concluído","54","64","68"
"homem","grupo A","ensino médio","padrão","nenhum","52","49","43"
"homem","grupo D","alguma faculdade","padrão","nenhum","73","75","71"
"homem","grupo C","ensino médio","padrão","nenhum","81","72","58"
"mulher","grupo B","diploma de bacharel","livre/reduzido","nenhum","62","75","72"
"mulher","grupo C","mestrado","livre/reduzido","nenhum","55","60","61"
"homem","grupo C","algum ensino médio","livre/reduzido","concluído","55","61","61"
"mulher","grupo D","algum ensino médio","padrão","nenhum","61","62","61"
"homem","grupo E","ensino médio","padrão","nenhum","75","70","64"
"homem","grupo E","alguma faculdade","livre/reduzido","nenhum","79","65","59"
"mulher","grupo C","algum ensino médio","padrão","nenhum","70","70","68"
"homem","grupo A","alguma faculdade","padrão","nenhum","72","65","59"
"mulher","grupo C","algum ensino médio","livre/reduzido","nenhum","38","46","33"
"mulher","grupo A","diploma de bacharel","padrão","nenhum","57","71","63"
"homem","grupo D","algum ensino médio","padrão","nenhum","76","71","70"
"homem","grupo C","alguma faculdade","livre/reduzido","nenhum","45","45","38"
"homem","grupo D","grau de associado","padrão","nenhum","77","73","74"
"homem","grupo C","ensino médio","padrão","nenhum","40","39","30"
"mulher","grupo E","alguma faculdade","padrão","nenhum","78","83","78"
"mulher","grupo A","mestrado","livre/reduzido","nenhum","63","65","66"
"homem","grupo C","grau de associado","padrão","nenhum","83","70","73"
"homem","grupo C","grau de associado","livre/reduzido","nenhum","55","52","47"
"homem","grupo B","alguma faculdade","padrão","concluído","88","78","76"
"homem","grupo C","diploma de bacharel","padrão","nenhum","82","83","85"
"homem","grupo E","diploma de bacharel","padrão","nenhum","86","71","71"
"mulher","grupo C","grau de associado","livre/reduzido","nenhum","61","74","72"
"mulher","grupo D","alguma faculdade","padrão","concluído","78","85","93"
"homem","grupo C","grau de associado","padrão","nenhum","67","63","66"
"mulher","grupo E","algum ensino médio","padrão","nenhum","83","87","83"
"homem","grupo C","algum ensino médio","padrão","nenhum","68","74","69"
"homem","grupo C","alguma faculdade","padrão","nenhum","53","52","44"
"homem","grupo D","grau de associado","padrão","nenhum","91","88","90"
"homem","grupo B","grau de associado","livre/reduzido","nenhum","67","66","66"
"mulher","grupo C","ensino médio","padrão","concluído","53","64","62"
"mulher","grupo C","mestrado","padrão","concluído","86","100","100"
"homem","grupo E","algum ensino médio","livre/reduzido","concluído","75","70","61"
"homem","grupo C","alguma faculdade","padrão","nenhum","55","38","35"
"homem","grupo D","diploma de bacharel","padrão","concluído","93","86","95"
"mulher","grupo E","ensino médio","padrão","nenhum","62","71","66"
"homem","grupo C","alguma faculdade","livre/reduzido","nenhum","83","76","71"
"homem","grupo D","algum ensino médio","padrão","nenhum","73","72","64"
"mulher","grupo C","ensino médio","livre/reduzido","nenhum","57","52","53"
"mulher","grupo C","alguma faculdade","padrão","nenhum","70","75","75"
"mulher","grupo B","ensino médio","padrão","concluído","55","62","64"
"homem","grupo C","ensino médio","padrão","nenhum","65","56","51"
"mulher","grupo C","algum ensino médio","padrão","concluído","76","85","88"
"homem","grupo C","mestrado","livre/reduzido","nenhum","59","47","46"
"homem","grupo C","grau de associado","padrão","concluído","74","73","77"
"homem","grupo B","algum ensino médio","padrão","nenhum","65","59","60"
"homem","grupo B","alguma faculdade","padrão","concluído","89","87","89"
"mulher","grupo B","mestrado","padrão","nenhum","71","82","82"
"homem","grupo C","alguma faculdade","livre/reduzido","concluído","63","69","59"
"homem","grupo C","algum ensino médio","padrão","concluído","57","55","60"
"homem","grupo B","alguma faculdade","livre/reduzido","concluído","56","67","56"
"homem","grupo A","algum ensino médio","livre/reduzido","concluído","49","44","41"
"mulher","grupo C","alguma faculdade","livre/reduzido","concluído","28","44","50"
"mulher","grupo C","diploma de bacharel","livre/reduzido","nenhum","69","73","71"
"mulher","grupo D","algum ensino médio","livre/reduzido","nenhum","49","62","60"
"homem","grupo B","algum ensino médio","padrão","concluído","67","62","58"
"mulher","grupo B","alguma faculdade","livre/reduzido","concluído","74","85","82"
"mulher","grupo C","diploma de bacharel","padrão","concluído","47","67","63"
"mulher","grupo C","alguma faculdade","padrão","nenhum","63","63","69"
"homem","grupo C","alguma faculdade","padrão","nenhum","73","51","53"
"mulher","grupo D","alguma faculdade","padrão","nenhum","91","94","96"
"homem","grupo B","alguma faculdade","padrão","nenhum","80","87","79"
"mulher","grupo C","grau de associado","padrão","nenhum","66","73","68"
"homem","grupo B","alguma faculdade","padrão","nenhum","52","48","43"
"mulher","grupo B","alguma faculdade","padrão","nenhum","65","71","65"
"homem","grupo D","alguma faculdade","padrão","concluído","83","75","71"
"mulher","grupo C","algum ensino médio","livre/reduzido","nenhum","80","85","78"
"homem","grupo E","diploma de bacharel","livre/reduzido","nenhum","68","68","59"
"homem","grupo C","alguma faculdade","livre/reduzido","concluído","68","73","68"
"homem","grupo C","grau de associado","livre/reduzido","nenhum","62","43","45"
"mulher","grupo B","algum ensino médio","padrão","nenhum","76","88","84"
"mulher","grupo C","diploma de bacharel","livre/reduzido","nenhum","77","79","83"
"mulher","grupo E","mestrado","livre/reduzido","nenhum","83","81","83"
"mulher","grupo C","alguma faculdade","livre/reduzido","nenhum","71","78","82"
"homem","grupo D","alguma faculdade","livre/reduzido","concluído","86","91","89"
"homem","grupo B","mestrado","padrão","nenhum","93","96","96"
"mulher","grupo B","grau de associado","livre/reduzido","nenhum","60","64","60"
"mulher","grupo D","algum ensino médio","padrão","nenhum","57","56","58"
"homem","grupo C","diploma de bacharel","padrão","nenhum","84","79","74"
"mulher","grupo D","diploma de bacharel","padrão","nenhum","66","71","75"
"homem","grupo D","mestrado","padrão","nenhum","85","69","74"
"mulher","grupo D","mestrado","padrão","concluído","57","68","76"
"mulher","grupo C","algum ensino médio","padrão","nenhum","41","49","49"
"mulher","grupo C","algum ensino médio","padrão","nenhum","75","76","76"
"homem","grupo D","ensino médio","livre/reduzido","nenhum","65","63","60"
"homem","grupo E","alguma faculdade","padrão","nenhum","78","65","60"
"mulher","grupo B","algum ensino médio","livre/reduzido","nenhum","26","34","28"
"homem","grupo E","alguma faculdade","livre/reduzido","nenhum","71","64","66"
"homem","grupo B","diploma de bacharel","padrão","concluído","86","92","93"
"homem","grupo B","grau de associado","padrão","concluído","89","84","81"
"mulher","grupo B","ensino médio","livre/reduzido","nenhum","53","64","63"
"mulher","grupo C","grau de associado","padrão","nenhum","87","87","92"
"homem","grupo D","grau de associado","padrão","nenhum","71","57","59"
"homem","grupo D","ensino médio","padrão","nenhum","77","80","72"
"mulher","grupo C","ensino médio","livre/reduzido","concluído","43","48","53"
"mulher","grupo C","grau de associado","padrão","nenhum","88","91","86"
"homem","grupo E","algum ensino médio","padrão","nenhum","86","76","63"
"mulher","grupo E","algum ensino médio","livre/reduzido","concluído","45","56","55"
"homem","grupo C","alguma faculdade","padrão","nenhum","69","56","57"
"mulher","grupo D","ensino médio","padrão","nenhum","65","70","72"
"homem","grupo E","alguma faculdade","livre/reduzido","nenhum","81","79","71"
"mulher","grupo A","algum ensino médio","padrão","nenhum","90","88","86"
"mulher","grupo E","grau de associado","padrão","nenhum","78","72","71"
"mulher","grupo C","mestrado","padrão","concluído","71","79","89"
"mulher","grupo C","algum ensino médio","padrão","nenhum","75","80","72"
"homem","grupo C","diploma de bacharel","livre/reduzido","nenhum","70","60","56"
"homem","grupo B","grau de associado","padrão","nenhum","54","52","48"
"homem","grupo B","ensino médio","padrão","nenhum","49","36","32"
"homem","grupo B","grau de associado","livre/reduzido","concluído","80","82","82"
"mulher","grupo E","diploma de bacharel","padrão","nenhum","78","89","93"
"homem","grupo C","diploma de bacharel","padrão","nenhum","89","77","82"
"mulher","grupo C","diploma de bacharel","padrão","concluído","65","83","82"
"homem","grupo D","grau de associado","padrão","nenhum","78","74","71"
"mulher","grupo D","ensino médio","padrão","nenhum","69","85","78"
"homem","grupo D","alguma faculdade","livre/reduzido","nenhum","49","47","48"
"mulher","grupo D","mestrado","livre/reduzido","nenhum","50","64","66"
"mulher","grupo E","alguma faculdade","padrão","nenhum","79","76","71"
"mulher","grupo D","alguma faculdade","padrão","concluído","89","92","97"
"homem","grupo A","grau de associado","livre/reduzido","concluído","48","61","59"
"mulher","grupo A","diploma de bacharel","padrão","nenhum","63","67","71"
"mulher","grupo C","alguma faculdade","padrão","nenhum","88","100","88"
"mulher","grupo D","grau de associado","padrão","nenhum","66","73","73"
"mulher","grupo B","alguma faculdade","livre/reduzido","nenhum","45","59","56"
"mulher","grupo E","algum ensino médio","padrão","concluído","62","78","73"
"homem","grupo D","alguma faculdade","livre/reduzido","concluído","74","80","86"
"mulher","grupo D","diploma de bacharel","livre/reduzido","nenhum","82","87","90"
"homem","grupo E","alguma faculdade","livre/reduzido","concluído","83","63","63"
"mulher","grupo D","algum ensino médio","livre/reduzido","concluído","60","72","76"
"mulher","grupo D","ensino médio","padrão","nenhum","66","73","72"
"homem","grupo C","diploma de bacharel","livre/reduzido","nenhum","76","66","68"
"homem","grupo B","grau de associado","padrão","concluído","75","74","76"
"homem","grupo B","alguma faculdade","padrão","concluído","77","72","79"
"mulher","grupo E","alguma faculdade","livre/reduzido","nenhum","82","88","86"
"homem","grupo C","grau de associado","padrão","concluído","63","59","60"
"mulher","grupo D","ensino médio","padrão","nenhum","70","85","85"
"homem","grupo D","grau de associado","padrão","concluído","84","71","76"
"homem","grupo C","ensino médio","padrão","concluído","68","60","63"
"homem","grupo C","alguma faculdade","livre/reduzido","nenhum","56","58","50"
"mulher","grupo C","grau de associado","livre/reduzido","nenhum","37","46","43"
"mulher","grupo D","algum ensino médio","padrão","nenhum","49","56","53"
"mulher","grupo E","alguma faculdade","padrão","concluído","100","100","100"
"homem","grupo D","alguma faculdade","padrão","nenhum","83","68","65"
"mulher","grupo E","mestrado","livre/reduzido","concluído","92","100","98"
"homem","grupo E","mestrado","livre/reduzido","nenhum","71","62","66"
"homem","grupo D","grau de associado","livre/reduzido","concluído","72","76","73"
"mulher","grupo D","diploma de bacharel","livre/reduzido","nenhum","37","53","48"
"homem","grupo C","diploma de bacharel","livre/reduzido","nenhum","35","43","35"
"homem","grupo C","alguma faculdade","livre/reduzido","nenhum","69","68","62"
"mulher","grupo C","diploma de bacharel","padrão","nenhum","65","73","81"
"homem","grupo E","ensino médio","livre/reduzido","nenhum","56","48","36"
"mulher","grupo D","ensino médio","padrão","nenhum","40","46","57"
"mulher","grupo E","ensino médio","padrão","nenhum","60","62","60"
"mulher","grupo C","algum ensino médio","padrão","nenhum","57","66","73"
"mulher","grupo C","algum ensino médio","livre/reduzido","concluído","58","62","66"
"mulher","grupo D","alguma faculdade","padrão","concluído","74","95","94"
"mulher","grupo B","alguma faculdade","padrão","nenhum","77","77","83"
"homem","grupo E","alguma faculdade","livre/reduzido","nenhum","66","57","53"
"mulher","grupo D","alguma faculdade","padrão","concluído","62","79","87"
"homem","grupo C","ensino médio","livre/reduzido","nenhum","29","38","27"
"mulher","grupo B","alguma faculdade","padrão","nenhum","70","73","66"
"homem","grupo A","grau de associado","livre/reduzido","nenhum","67","64","60"
"mulher","grupo C","ensino médio","padrão","concluído","81","91","94"
"homem","grupo C","grau de associado","livre/reduzido","nenhum","56","50","43"
"mulher","grupo D","alguma faculdade","livre/reduzido","nenhum","61","79","76"
"mulher","grupo D","ensino médio","livre/reduzido","concluído","47","54","56"
"homem","grupo A","diploma de bacharel","padrão","concluído","88","87","94"
"homem","grupo C","alguma faculdade","padrão","concluído","51","52","52"
"homem","grupo C","mestrado","padrão","nenhum","68","60","62"
"mulher","grupo B","grau de associado","padrão","nenhum","68","71","71"
"mulher","grupo B","ensino médio","livre/reduzido","nenhum","47","49","50"
"homem","grupo E","mestrado","livre/reduzido","concluído","84","77","82"
"homem","grupo B","alguma faculdade","livre/reduzido","nenhum","69","72","68"
"mulher","grupo D","diploma de bacharel","padrão","concluído","52","69","75"
"homem","grupo B","grau de associado","padrão","nenhum","80","79","79"
"homem","grupo C","diploma de bacharel","padrão","nenhum","100","84","88"
"homem","grupo C","ensino médio","padrão","concluído","53","59","64"
"mulher","grupo B","mestrado","padrão","concluído","59","73","74"
"mulher","grupo B","alguma faculdade","padrão","nenhum","78","96","89"
"mulher","grupo B","grau de associado","padrão","nenhum","84","87","89"
"mulher","grupo C","ensino médio","livre/reduzido","nenhum","52","72","71"
"homem","grupo C","grau de associado","livre/reduzido","nenhum","81","78","75"
"mulher","grupo C","grau de associado","padrão","concluído","90","95","100"
"mulher","grupo A","ensino médio","padrão","nenhum","63","73","66"
"homem","grupo D","diploma de bacharel","padrão","concluído","100","97","100"
"mulher","grupo B","alguma faculdade","padrão","nenhum","56","63","62"
"mulher","grupo B","alguma faculdade","padrão","nenhum","46","54","54"
"mulher","grupo B","ensino médio","livre/reduzido","concluído","75","85","90"
"mulher","grupo A","alguma faculdade","padrão","nenhum","46","51","54"
"homem","grupo A","algum ensino médio","livre/reduzido","nenhum","42","40","40"
"mulher","grupo C","algum ensino médio","padrão","concluído","77","86","90"
"mulher","grupo C","alguma faculdade","livre/reduzido","nenhum","40","63","56"
"mulher","grupo D","ensino médio","padrão","nenhum","69","71","76"
"homem","grupo C","ensino médio","padrão","nenhum","43","50","45"
"mulher","grupo C","grau de associado","padrão","concluído","69","75","71"
"mulher","grupo D","diploma de bacharel","padrão","concluído","89","93","100"
"homem","grupo B","grau de associado","padrão","nenhum","44","34","36"
"homem","grupo D","ensino médio","livre/reduzido","concluído","82","83","77"
"homem","grupo D","grau de associado","livre/reduzido","nenhum","72","72","65"
"homem","grupo C","diploma de bacharel","padrão","nenhum","64","53","50"
"homem","grupo D","algum ensino médio","padrão","nenhum","89","73","70"
"homem","grupo E","grau de associado","livre/reduzido","nenhum","58","53","54"
"mulher","grupo A","ensino médio","padrão","concluído","63","81","78"
"mulher","grupo A","diploma de bacharel","padrão","nenhum","54","66","69"
"homem","grupo C","ensino médio","livre/reduzido","concluído","83","78","82"
"mulher","grupo C","ensino médio","padrão","nenhum","57","74","64"
"mulher","grupo C","ensino médio","padrão","nenhum","52","47","48"
"mulher","grupo D","ensino médio","padrão","concluído","75","93","97"
"homem","grupo E","ensino médio","livre/reduzido","concluído","67","66","64"
"homem","grupo B","algum ensino médio","padrão","nenhum","58","60","53"
"mulher","grupo B","diploma de bacharel","livre/reduzido","nenhum","63","66","68"
"mulher","grupo D","algum ensino médio","livre/reduzido","nenhum","49","64","57"
"mulher","grupo D","alguma faculdade","livre/reduzido","nenhum","38","47","52"
"mulher","grupo B","alguma faculdade","padrão","concluído","74","85","84"
"homem","grupo C","grau de associado","livre/reduzido","concluído","69","84","82"
"mulher","grupo D","grau de associado","padrão","nenhum","77","82","80"
"mulher","grupo A","mestrado","livre/reduzido","nenhum","40","59","59"
"mulher","grupo B","mestrado","padrão","concluído","96","98","100"
"mulher","grupo B","diploma de bacharel","padrão","nenhum","85","86","85"
"homem","grupo D","grau de associado","padrão","nenhum","85","77","76"
"homem","grupo C","ensino médio","padrão","nenhum","72","59","54"
"mulher","grupo B","grau de associado","livre/reduzido","nenhum","63","78","73"
"homem","grupo B","algum ensino médio","padrão","nenhum","58","67","58"
"homem","grupo B","diploma de bacharel","livre/reduzido","nenhum","58","64","54"
"homem","grupo C","ensino médio","livre/reduzido","nenhum","51","57","53"
"mulher","grupo D","mestrado","padrão","concluído","100","100","100"
"mulher","grupo D","mestrado","padrão","nenhum","77","84","92"
"homem","grupo E","diploma de bacharel","livre/reduzido","nenhum","63","56","56"
"mulher","grupo C","alguma faculdade","padrão","nenhum","64","67","68"
"homem","grupo E","ensino médio","padrão","nenhum","100","82","80"
"homem","grupo C","grau de associado","padrão","nenhum","66","65","65"
"homem","grupo E","diploma de bacharel","padrão","nenhum","87","87","84"
"homem","grupo C","ensino médio","padrão","nenhum","73","72","69"
"homem","grupo C","mestrado","livre/reduzido","concluído","69","66","65"
"mulher","grupo C","ensino médio","padrão","nenhum","62","64","63"
"mulher","grupo C","algum ensino médio","padrão","nenhum","40","48","49"
"homem","grupo C","alguma faculdade","livre/reduzido","concluído","55","68","60"
"homem","grupo D","ensino médio","padrão","concluído","77","77","78"
"homem","grupo D","alguma faculdade","padrão","concluído","63","70","71"
"homem","grupo D","grau de associado","padrão","concluído","85","85","91"
"mulher","grupo B","ensino médio","livre/reduzido","nenhum","30","43","40"
"homem","grupo B","ensino médio","padrão","nenhum","82","77","71"
"homem","grupo D","grau de associado","livre/reduzido","concluído","81","71","70"
"mulher","grupo C","algum ensino médio","padrão","concluído","92","100","97"
"homem","grupo B","alguma faculdade","livre/reduzido","nenhum","50","48","36"
"mulher","grupo B","grau de associado","padrão","nenhum","54","60","56"
"homem","grupo C","grau de associado","padrão","concluído","76","83","78"
"mulher","grupo D","algum ensino médio","padrão","nenhum","60","68","74"
"mulher","grupo A","grau de associado","livre/reduzido","concluído","45","72","66"
"homem","grupo D","ensino médio","padrão","nenhum","80","77","72"
"homem","grupo D","algum ensino médio","livre/reduzido","nenhum","52","45","48"
"mulher","grupo C","ensino médio","padrão","concluído","90","89","97"
"mulher","grupo D","ensino médio","livre/reduzido","nenhum","53","65","69"
"mulher","grupo C","grau de associado","padrão","nenhum","92","95","95"
"mulher","grupo C","alguma faculdade","padrão","concluído","63","78","75"
"mulher","grupo B","algum ensino médio","padrão","nenhum","71","77","79"
"mulher","grupo D","algum ensino médio","padrão","nenhum","64","70","73"
"mulher","grupo C","alguma faculdade","padrão","concluído","67","81","89"
"homem","grupo C","ensino médio","livre/reduzido","nenhum","63","63","61"
"homem","grupo B","ensino médio","padrão","nenhum","63","53","44"
"homem","grupo C","algum ensino médio","padrão","nenhum","59","49","46"
"homem","grupo E","ensino médio","padrão","nenhum","49","43","35"
"mulher","grupo D","mestrado","padrão","nenhum","75","84","86"
"mulher","grupo C","algum ensino médio","livre/reduzido","nenhum","34","47","45"
"mulher","grupo B","grau de associado","livre/reduzido","nenhum","53","70","69"
"homem","grupo B","mestrado","padrão","nenhum","63","56","60"
"homem","grupo C","grau de associado","padrão","nenhum","75","69","65"
"homem","grupo E","grau de associado","livre/reduzido","nenhum","63","61","62"
"mulher","grupo C","ensino médio","padrão","nenhum","70","72","75"
"mulher","grupo C","alguma faculdade","padrão","nenhum","61","73","70"
"homem","grupo C","grau de associado","padrão","nenhum","74","61","59"
"homem","grupo D","grau de associado","livre/reduzido","nenhum","57","49","48"
"homem","grupo C","algum ensino médio","livre/reduzido","concluído","41","52","47"
"homem","grupo D","algum ensino médio","padrão","nenhum","87","80","76"
"homem","grupo C","ensino médio","livre/reduzido","nenhum","69","71","62"
"homem","grupo C","grau de associado","livre/reduzido","nenhum","69","77","70"
"homem","grupo D","ensino médio","padrão","concluído","58","56","56"
"mulher","grupo B","alguma faculdade","livre/reduzido","concluído","47","69","62"
"homem","grupo D","grau de associado","padrão","concluído","78","69","71"
"mulher","grupo B","alguma faculdade","livre/reduzido","concluído","54","61","71"
"homem","grupo C","alguma faculdade","livre/reduzido","nenhum","36","27","26"
"homem","grupo B","diploma de bacharel","padrão","concluído","94","92","92"
"mulher","grupo D","grau de associado","livre/reduzido","nenhum","68","84","80"
"mulher","grupo E","ensino médio","padrão","nenhum","90","88","84"
"homem","grupo A","alguma faculdade","padrão","nenhum","57","57","53"
"homem","grupo D","alguma faculdade","padrão","concluído","96","95","90"
"homem","grupo B","algum ensino médio","padrão","concluído","68","63","62"
"mulher","grupo C","algum ensino médio","padrão","concluído","52","64","63"
"homem","grupo E","grau de associado","padrão","nenhum","90","76","73"
"homem","grupo C","alguma faculdade","livre/reduzido","concluído","71","82","75"
"mulher","grupo C","alguma faculdade","livre/reduzido","concluído","58","69","74"
"homem","grupo C","algum ensino médio","livre/reduzido","nenhum","41","39","34"
"homem","grupo D","algum ensino médio","padrão","concluído","43","37","43"
"homem","grupo D","ensino médio","padrão","nenhum","85","70","71"
"homem","grupo B","algum ensino médio","padrão","nenhum","71","72","69"
"mulher","grupo A","ensino médio","padrão","nenhum","72","70","72"
"homem","grupo D","grau de associado","livre/reduzido","nenhum","70","62","66"
"mulher","grupo D","diploma de bacharel","padrão","nenhum","89","100","100"
"mulher","grupo E","ensino médio","padrão","nenhum","92","86","82"
"homem","grupo E","alguma faculdade","livre/reduzido","concluído","80","79","81"
"homem","grupo C","algum ensino médio","padrão","nenhum","80","70","60"
"mulher","grupo B","ensino médio","padrão","nenhum","56","64","59"
"homem","grupo E","ensino médio","livre/reduzido","nenhum","93","86","73"
"homem","grupo C","grau de associado","livre/reduzido","concluído","49","37","41"
"mulher","grupo E","mestrado","padrão","nenhum","59","57","58"
"mulher","grupo C","algum ensino médio","padrão","concluído","64","74","75"
"homem","grupo D","algum ensino médio","padrão","nenhum","73","66","59"
"mulher","grupo B","alguma faculdade","padrão","concluído","82","86","90"
"homem","grupo D","ensino médio","livre/reduzido","nenhum","48","43","41"
"mulher","grupo A","algum ensino médio","livre/reduzido","concluído","51","64","62"
"mulher","grupo E","algum ensino médio","livre/reduzido","concluído","38","46","43"
"homem","grupo B","alguma faculdade","livre/reduzido","nenhum","45","50","42"
"mulher","grupo A","alguma faculdade","padrão","concluído","83","92","95"
"mulher","grupo B","algum ensino médio","padrão","concluído","45","57","56"
"homem","grupo D","ensino médio","livre/reduzido","nenhum","66","64","62"
"homem","grupo D","ensino médio","livre/reduzido","concluído","60","62","57"
"homem","grupo C","grau de associado","padrão","nenhum","49","47","49"
"homem","grupo D","diploma de bacharel","padrão","nenhum","80","84","86"
"homem","grupo E","ensino médio","padrão","nenhum","75","68","66"
"homem","grupo B","alguma faculdade","livre/reduzido","concluído","57","68","61"
"mulher","grupo B","algum ensino médio","livre/reduzido","nenhum","25","36","37"
"homem","grupo E","alguma faculdade","livre/reduzido","nenhum","90","87","81"
"mulher","grupo D","alguma faculdade","padrão","nenhum","63","70","71"
"homem","grupo E","grau de associado","padrão","nenhum","100","91","86"
"homem","grupo C","grau de associado","livre/reduzido","nenhum","76","68","66"
"mulher","grupo B","algum ensino médio","livre/reduzido","nenhum","52","58","53"
"mulher","grupo B","mestrado","padrão","concluído","81","86","93"
"homem","grupo C","grau de associado","padrão","concluído","90","89","87"
"homem","grupo D","grau de associado","padrão","nenhum","83","82","81"
"mulher","grupo B","ensino médio","padrão","nenhum","61","73","69"
"mulher","grupo E","grau de associado","padrão","concluído","79","69","75"
"homem","grupo B","alguma faculdade","padrão","nenhum","52","53","51"
"mulher","grupo B","diploma de bacharel","padrão","concluído","62","65","67"
"mulher","grupo D","alguma faculdade","padrão","nenhum","85","90","84"
"mulher","grupo E","ensino médio","livre/reduzido","concluído","74","96","95"
"homem","grupo C","grau de associado","livre/reduzido","nenhum","83","85","78"
"homem","grupo C","alguma faculdade","padrão","nenhum","78","72","72"
"mulher","grupo C","ensino médio","livre/reduzido","nenhum","41","43","40"
"mulher","grupo A","ensino médio","padrão","nenhum","77","91","87"
"homem","grupo C","diploma de bacharel","padrão","nenhum","95","99","91"
"mulher","grupo B","ensino médio","livre/reduzido","nenhum","50","68","66"
"homem","grupo C","alguma faculdade","padrão","nenhum","74","76","70"
"mulher","grupo D","diploma de bacharel","padrão","concluído","74","93","93"
"homem","grupo E","ensino médio","padrão","nenhum","70","62","61"
"homem","grupo D","grau de associado","livre/reduzido","nenhum","61","59","54"
"mulher","grupo A","mestrado","padrão","concluído","94","100","100"
"mulher","grupo D","ensino médio","padrão","nenhum","66","84","77"
"mulher","grupo D","mestrado","padrão","nenhum","83","88","93"
"homem","grupo D","ensino médio","padrão","nenhum","75","63","60"
"homem","grupo D","ensino médio","livre/reduzido","concluído","56","65","63"
"mulher","grupo B","alguma faculdade","livre/reduzido","nenhum","66","88","83"
"mulher","grupo B","ensino médio","livre/reduzido","nenhum","61","69","66"
"homem","grupo C","algum ensino médio","padrão","concluído","70","79","73"
"homem","grupo C","mestrado","padrão","nenhum","57","59","53"
"mulher","grupo C","grau de associado","livre/reduzido","concluído","78","89","90"
"mulher","grupo C","algum ensino médio","padrão","nenhum","62","76","67"
"homem","grupo C","algum ensino médio","padrão","concluído","64","53","49"
"mulher","grupo B","ensino médio","livre/reduzido","nenhum","55","66","65"
"mulher","grupo D","alguma faculdade","padrão","nenhum","72","83","83"
"homem","grupo A","alguma faculdade","livre/reduzido","nenhum","49","48","42"
"mulher","grupo D","alguma faculdade","padrão","nenhum","62","60","63"
"homem","grupo B","algum ensino médio","livre/reduzido","nenhum","76","73","68"
"mulher","grupo C","mestrado","padrão","concluído","73","86","85"
"mulher","grupo C","grau de associado","padrão","concluído","72","76","78"
"homem","grupo C","ensino médio","padrão","nenhum","85","85","76"
"homem","grupo A","alguma faculdade","livre/reduzido","nenhum","71","68","65"
"mulher","grupo C","algum ensino médio","livre/reduzido","nenhum","28","38","31"
"homem","grupo C","ensino médio","livre/reduzido","nenhum","41","42","38"
"homem","grupo E","grau de associado","padrão","nenhum","78","72","68"
"homem","grupo C","mestrado","livre/reduzido","nenhum","48","52","44"
"homem","grupo C","grau de associado","livre/reduzido","nenhum","38","51","47"
"mulher","grupo A","diploma de bacharel","padrão","concluído","91","100","100"
"mulher","grupo D","diploma de bacharel","padrão","nenhum","71","81","80"
"mulher","grupo D","diploma de bacharel","padrão","nenhum","84","87","92"
"homem","grupo E","grau de associado","livre/reduzido","concluído","63","60","63"
"mulher","grupo A","grau de associado","padrão","concluído","70","78","87"
"homem","grupo B","diploma de bacharel","livre/reduzido","concluído","48","52","57"
"homem","grupo D","algum ensino médio","padrão","concluído","68","72","73"
"mulher","grupo D","alguma faculdade","padrão","nenhum","84","84","87"
"homem","grupo D","ensino médio","padrão","nenhum","61","62","60"
"homem","grupo C","algum ensino médio","livre/reduzido","nenhum","62","59","62"
"mulher","grupo C","mestrado","livre/reduzido","nenhum","66","78","83"
"mulher","grupo C","ensino médio","padrão","concluído","52","65","71"
"mulher","grupo D","alguma faculdade","padrão","concluído","68","75","73"
"homem","grupo D","alguma faculdade","livre/reduzido","concluído","62","68","71"
"homem","grupo E","diploma de bacharel","padrão","concluído","90","88","84"
"mulher","grupo A","mestrado","livre/reduzido","nenhum","42","50","44"
"homem","grupo D","grau de associado","livre/reduzido","concluído","74","90","89"
"homem","grupo B","grau de associado","padrão","concluído","62","61","61"
"homem","grupo C","alguma faculdade","padrão","nenhum","56","55","50"
"homem","grupo C","ensino médio","livre/reduzido","nenhum","64","52","54"
"homem","grupo D","ensino médio","padrão","concluído","79","84","80"
"mulher","grupo C","algum ensino médio","padrão","nenhum","44","65","63"
"mulher","grupo B","alguma faculdade","padrão","concluído","69","94","87"
"homem","grupo A","alguma faculdade","padrão","nenhum","53","48","48"
"homem","grupo C","ensino médio","padrão","nenhum","74","69","61"
"homem","grupo C","grau de associado","padrão","nenhum","49","55","48"
"mulher","grupo D","grau de associado","livre/reduzido","nenhum","57","71","71"
"mulher","grupo D","mestrado","padrão","nenhum","61","72","64"
"mulher","grupo C","mestrado","livre/reduzido","nenhum","65","88","84"
"mulher","grupo C","alguma faculdade","padrão","nenhum","51","60","52"
"mulher","grupo C","algum ensino médio","padrão","nenhum","49","51","41"
"homem","grupo B","mestrado","livre/reduzido","nenhum","56","65","56"
"homem","grupo D","grau de associado","padrão","nenhum","65","62","63"
"homem","grupo D","alguma faculdade","padrão","nenhum","70","64","62"
"homem","grupo D","alguma faculdade","padrão","nenhum","91","95","88"
"mulher","grupo D","ensino médio","padrão","concluído","48","56","64"
"mulher","grupo C","grau de associado","padrão","concluído","94","99","100"
"homem","grupo B","mestrado","padrão","nenhum","77","76","73"
"mulher","grupo D","algum ensino médio","padrão","nenhum","59","78","75"
"mulher","grupo C","alguma faculdade","livre/reduzido","nenhum","57","75","70"
"mulher","grupo C","algum ensino médio","padrão","nenhum","76","82","74"
"homem","grupo D","ensino médio","padrão","nenhum","65","63","64"
"mulher","grupo B","mestrado","padrão","concluído","75","75","83"
"homem","grupo D","mestrado","padrão","nenhum","70","66","65"
"homem","grupo C","ensino médio","padrão","concluído","79","79","70"
"homem","grupo E","grau de associado","padrão","concluído","100","100","100"
"mulher","grupo A","diploma de bacharel","padrão","concluído","83","96","99"
"mulher","grupo C","grau de associado","livre/reduzido","nenhum","70","84","78"
"homem","grupo E","algum ensino médio","padrão","concluído","97","80","88"
"mulher","grupo E","ensino médio","livre/reduzido","nenhum","33","32","35"
"homem","grupo B","mestrado","livre/reduzido","nenhum","38","40","41"
"homem","grupo C","alguma faculdade","padrão","concluído","46","51","47"
"mulher","grupo D","alguma faculdade","livre/reduzido","nenhum","13","36","37"
"homem","grupo A","mestrado","padrão","nenhum","85","83","78"
"mulher","grupo B","alguma faculdade","padrão","nenhum","79","79","80"
"mulher","grupo B","algum ensino médio","padrão","nenhum","76","81","79"
"mulher","grupo C","algum ensino médio","livre/reduzido","concluído","53","70","65"
"homem","grupo A","ensino médio","padrão","concluído","68","70","63"
"homem","grupo D","grau de associado","livre/reduzido","concluído","67","70","70"
"homem","grupo E","alguma faculdade","padrão","concluído","100","84","88"
"homem","grupo C","grau de associado","livre/reduzido","nenhum","54","48","45"
"mulher","grupo E","grau de associado","livre/reduzido","nenhum","72","73","70"
"homem","grupo A","alguma faculdade","padrão","concluído","91","97","95"
"homem","grupo D","mestrado","padrão","concluído","87","81","86"
"mulher","grupo D","grau de associado","livre/reduzido","nenhum","66","75","74"
"homem","grupo C","algum ensino médio","padrão","nenhum","65","66","64"
"mulher","grupo E","grau de associado","livre/reduzido","concluído","41","56","53"
"mulher","grupo C","grau de associado","padrão","nenhum","67","69","65"
"homem","grupo E","ensino médio","padrão","nenhum","94","89","86"
"mulher","grupo B","diploma de bacharel","livre/reduzido","concluído","57","70","68"
"homem","grupo A","ensino médio","padrão","nenhum","89","83","80"
"homem","grupo A","grau de associado","padrão","concluído","77","73","80"
"homem","grupo C","algum ensino médio","padrão","nenhum","57","60","50"
"homem","grupo D","alguma faculdade","padrão","concluído","72","72","72"
"homem","grupo D","diploma de bacharel","padrão","concluído","98","94","95"
"mulher","grupo D","mestrado","padrão","nenhum","87","97","100"
"homem","grupo C","algum ensino médio","livre/reduzido","nenhum","61","57","55"
"mulher","grupo C","mestrado","padrão","nenhum","85","100","97"
"mulher","grupo D","algum ensino médio","padrão","nenhum","81","85","91"
"mulher","grupo D","ensino médio","padrão","concluído","74","84","79"
"homem","grupo C","diploma de bacharel","padrão","nenhum","98","92","90"
"mulher","grupo D","alguma faculdade","padrão","nenhum","86","84","89"
"homem","grupo C","diploma de bacharel","padrão","concluído","85","81","82"
"homem","grupo C","alguma faculdade","padrão","nenhum","68","71","63"
"mulher","grupo E","ensino médio","livre/reduzido","concluído","66","78","77"
"homem","grupo B","algum ensino médio","livre/reduzido","concluído","75","74","71"
"homem","grupo C","diploma de bacharel","padrão","nenhum","79","57","58"
"mulher","grupo B","diploma de bacharel","livre/reduzido","nenhum","59","85","82"
"homem","grupo B","mestrado","livre/reduzido","nenhum","60","62","58"
"homem","grupo D","ensino médio","padrão","nenhum","69","60","54"
"mulher","grupo B","ensino médio","livre/reduzido","nenhum","49","54","58"
"homem","grupo D","alguma faculdade","padrão","nenhum","62","44","52"
"mulher","grupo E","ensino médio","livre/reduzido","concluído","70","84","83"
"homem","grupo D","diploma de bacharel","padrão","nenhum","71","57","60"
"homem","grupo C","diploma de bacharel","padrão","nenhum","71","69","65"
"mulher","grupo C","algum ensino médio","livre/reduzido","nenhum","50","59","54"
"mulher","grupo B","ensino médio","padrão","nenhum","52","55","57"
"homem","grupo E","alguma faculdade","livre/reduzido","concluído","75","65","66"
"mulher","grupo C","diploma de bacharel","padrão","nenhum","51","64","63"
"homem","grupo C","algum ensino médio","padrão","nenhum","64","48","50"
"mulher","grupo A","alguma faculdade","livre/reduzido","concluído","65","76","72"
"homem","grupo B","mestrado","padrão","nenhum","99","81","87"
"mulher","grupo B","grau de associado","padrão","nenhum","60","62","58"
"mulher","grupo B","alguma faculdade","padrão","nenhum","70","78","80"
"homem","grupo A","alguma faculdade","padrão","concluído","77","76","77"
"homem","grupo B","ensino médio","livre/reduzido","nenhum","37","28","23"
"homem","grupo E","grau de associado","livre/reduzido","nenhum","73","73","61"
"mulher","grupo B","grau de associado","livre/reduzido","concluído","53","74","75"
"mulher","grupo B","grau de associado","padrão","nenhum","67","58","62"
"mulher","grupo B","alguma faculdade","livre/reduzido","nenhum","67","79","80"
"homem","grupo B","ensino médio","livre/reduzido","nenhum","51","57","50"
"homem","grupo D","ensino médio","padrão","concluído","64","71","70"
"homem","grupo E","alguma faculdade","livre/reduzido","nenhum","55","42","43"
"homem","grupo D","grau de associado","livre/reduzido","concluído","55","39","51"
"homem","grupo E","grau de associado","padrão","nenhum","86","77","78"
"mulher","grupo B","mestrado","padrão","nenhum","71","88","85"
"homem","grupo C","ensino médio","livre/reduzido","nenhum","71","63","64"
"mulher","grupo C","algum ensino médio","livre/reduzido","nenhum","51","67","69"
"mulher","grupo E","alguma faculdade","padrão","concluído","75","76","85"
"homem","grupo C","algum ensino médio","livre/reduzido","nenhum","45","31","27"
"homem","grupo B","algum ensino médio","padrão","nenhum","59","54","48"
"mulher","grupo E","ensino médio","livre/reduzido","nenhum","64","69","68"
"homem","grupo A","alguma faculdade","padrão","concluído","78","69","73"
"homem","grupo D","ensino médio","livre/reduzido","nenhum","59","61","58"
"homem","grupo E","diploma de bacharel","livre/reduzido","nenhum","80","70","71"
"homem","grupo B","grau de associado","padrão","concluído","68","82","77"
"mulher","grupo B","grau de associado","padrão","nenhum","77","81","79"
"homem","grupo C","ensino médio","padrão","nenhum","66","67","64"
"mulher","grupo C","alguma faculdade","livre/reduzido","concluído","26","44","46"
"homem","grupo D","alguma faculdade","padrão","concluído","80","66","69"
"mulher","grupo D","algum ensino médio","livre/reduzido","nenhum","48","62","61"
"mulher","grupo A","grau de associado","padrão","nenhum","52","64","55"
"mulher","grupo D","mestrado","livre/reduzido","nenhum","54","64","64"
"mulher","grupo C","alguma faculdade","padrão","concluído","59","68","67"
"homem","grupo D","ensino médio","padrão","nenhum","77","62","65"
"mulher","grupo B","alguma faculdade","livre/reduzido","nenhum","64","70","69"
"homem","grupo D","ensino médio","padrão","nenhum","83","72","68"
"homem","grupo E","ensino médio","livre/reduzido","nenhum","70","73","69"
"homem","grupo C","algum ensino médio","padrão","nenhum","72","68","67"
"mulher","grupo B","grau de associado","padrão","nenhum","83","78","79"
"mulher","grupo B","grau de associado","padrão","nenhum","52","58","57"
"mulher","grupo C","alguma faculdade","livre/reduzido","concluído","53","73","74"
"homem","grupo D","alguma faculdade","padrão","nenhum","55","55","55"
"homem","grupo C","grau de associado","padrão","nenhum","65","63","61"
"mulher","grupo E","algum ensino médio","padrão","nenhum","60","67","64"
"homem","grupo E","ensino médio","livre/reduzido","concluído","64","62","59"
"homem","grupo C","grau de associado","padrão","nenhum","71","72","69"
"homem","grupo C","diploma de bacharel","livre/reduzido","concluído","61","71","65"
"homem","grupo D","grau de associado","padrão","nenhum","61","55","58"
"mulher","grupo C","mestrado","padrão","nenhum","65","74","79"
"mulher","grupo D","algum ensino médio","padrão","concluído","71","83","89"
"homem","grupo E","grau de associado","livre/reduzido","nenhum","48","49","44"
"homem","grupo E","ensino médio","livre/reduzido","concluído","75","80","75"
"homem","grupo D","grau de associado","livre/reduzido","nenhum","54","66","65"
"mulher","grupo C","mestrado","padrão","nenhum","70","64","65"
"homem","grupo D","algum ensino médio","padrão","nenhum","91","77","72"
"mulher","grupo D","algum ensino médio","padrão","concluído","33","44","50"
"mulher","grupo B","ensino médio","padrão","nenhum","45","50","41"
"homem","grupo A","ensino médio","livre/reduzido","nenhum","45","33","32"
"homem","grupo D","diploma de bacharel","livre/reduzido","nenhum","62","61","57"
"homem","grupo E","grau de associado","livre/reduzido","concluído","92","79","77"
"mulher","grupo D","alguma faculdade","padrão","nenhum","74","75","79"
"mulher","grupo C","ensino médio","padrão","concluído","81","79","83"
"homem","grupo C","grau de associado","livre/reduzido","nenhum","76","71","66"
"mulher","grupo C","grau de associado","padrão","concluído","57","72","73"
"homem","grupo A","alguma faculdade","livre/reduzido","nenhum","63","61","55"
"mulher","grupo D","ensino médio","padrão","concluído","57","62","73"
"mulher","grupo B","alguma faculdade","padrão","concluído","46","65","64"
"homem","grupo E","algum ensino médio","livre/reduzido","concluído","49","50","45"
"mulher","grupo D","algum ensino médio","padrão","nenhum","54","60","65"
"homem","grupo C","algum ensino médio","padrão","concluído","89","87","90"
"homem","grupo D","diploma de bacharel","padrão","concluído","77","70","78"
"mulher","grupo C","diploma de bacharel","padrão","nenhum","46","63","60"
"homem","grupo B","grau de associado","padrão","concluído","66","59","70"
"mulher","grupo C","ensino médio","padrão","nenhum","48","63","53"
"homem","grupo D","grau de associado","padrão","concluído","83","76","81"
"homem","grupo C","ensino médio","padrão","concluído","69","75","74"
"homem","grupo E","diploma de bacharel","livre/reduzido","nenhum","73","52","54"
"mulher","grupo D","alguma faculdade","padrão","nenhum","43","59","59"
"homem","grupo D","mestrado","padrão","concluído","91","84","83"
"homem","grupo C","grau de associado","padrão","concluído","49","58","55"
"homem","grupo B","mestrado","padrão","nenhum","87","86","84"
"homem","grupo B","algum ensino médio","padrão","concluído","46","46","44"
"mulher","grupo D","algum ensino médio","padrão","concluído","63","61","71"
"homem","grupo E","diploma de bacharel","padrão","nenhum","100","83","86"
"mulher","grupo E","diploma de bacharel","padrão","nenhum","86","87","89"
"mulher","grupo A","algum ensino médio","livre/reduzido","concluído","55","73","70"
"mulher","grupo E","mestrado","livre/reduzido","nenhum","84","100","99"
"mulher","grupo B","algum ensino médio","livre/reduzido","nenhum","39","51","48"
"homem","grupo B","ensino médio","padrão","nenhum","67","57","52"
"mulher","grupo D","algum ensino médio","padrão","concluído","85","100","97"
"homem","grupo C","algum ensino médio","padrão","nenhum","64","51","44"
"mulher","grupo E","grau de associado","padrão","nenhum","81","77","74"
"homem","grupo C","grau de associado","padrão","nenhum","78","71","67"
"mulher","grupo B","algum ensino médio","padrão","nenhum","59","59","58"
"homem","grupo C","grau de associado","padrão","nenhum","74","76","70"
"mulher","grupo B","alguma faculdade","livre/reduzido","concluído","31","29","35"
"mulher","grupo C","algum ensino médio","livre/reduzido","concluído","54","55","65"
"homem","grupo C","ensino médio","livre/reduzido","nenhum","51","51","45"
"mulher","grupo B","diploma de bacharel","livre/reduzido","concluído","57","65","68"
"mulher","grupo C","algum ensino médio","livre/reduzido","nenhum","39","50","49"
"homem","grupo C","alguma faculdade","padrão","nenhum","64","48","48"
"homem","grupo C","mestrado","livre/reduzido","concluído","69","79","72"
"homem","grupo A","algum ensino médio","padrão","nenhum","58","50","47"
"mulher","grupo D","ensino médio","padrão","nenhum","63","71","75"
"homem","grupo E","grau de associado","padrão","nenhum","74","73","67"
"homem","grupo E","alguma faculdade","livre/reduzido","nenhum","78","84","77"
"homem","grupo A","alguma faculdade","padrão","concluído","78","78","74"
"mulher","grupo B","alguma faculdade","padrão","nenhum","75","76","81"
"homem","grupo D","alguma faculdade","padrão","concluído","70","60","65"
"homem","grupo D","alguma faculdade","padrão","nenhum","67","55","53"
"mulher","grupo C","grau de associado","padrão","nenhum","87","93","88"
"homem","grupo C","alguma faculdade","padrão","nenhum","69","63","66"
"mulher","grupo A","grau de associado","padrão","nenhum","58","54","58"
"homem","grupo E","ensino médio","livre/reduzido","concluído","86","82","75"
"homem","grupo C","ensino médio","padrão","nenhum","73","70","65"
"homem","grupo D","grau de associado","livre/reduzido","concluído","85","91","92"
"mulher","grupo C","algum ensino médio","livre/reduzido","nenhum","32","35","41"
"mulher","grupo C","alguma faculdade","padrão","nenhum","73","74","82"
"homem","grupo A","alguma faculdade","padrão","concluído","65","60","62"
